index,split,origin_error_mm,origin_to_Y_mm,corner_rms_mm,reprojection_rms_px,board_rotation_error_deg
0,train,4.30750049397538,4.307500493966162,4.397201911533335,7.241420291170794,1.336745559185124
1,train,6.6128455222486116,6.612845522251454,6.053037302128566,9.764319067850185,2.558156483143979
2,train,5.591028953656844,5.591028953698665,5.518323760235216,9.144536898647573,1.9286322322109775
3,train,6.673086062451507,6.6730860624428985,6.292205532591322,10.22722651177132,2.2951791033166895
4,train,10.299018496406756,10.299018496432234,9.02514969157559,15.288771917281618,2.017228102745297
5,train,4.300244789801513,4.300244789703515,4.820310737719659,6.885559102493374,1.044304031457543
6,train,9.703929060271577,9.703929060189369,9.74147922729318,17.385748034359548,1.4495797779119604
7,train,2.840664697444688,2.840664697315374,3.5319704114939108,3.693730488724883,0.7400673086361461
8,train,10.617382302093036,10.61738230212743,10.251382440326578,18.499210025068106,1.2441555153388912
9,train,11.19121351415507,11.19121351411476,11.143007305872265,20.27564648645368,0.5080957407622223
10,train,5.502375418155784,5.502375418191893,5.140890851588255,8.597685360894758,1.6932229963897287
11,train,8.050084711540938,8.05008471161304,6.770808381698331,11.095469250232624,2.160137351850847
12,train,11.819936457276345,11.819936457319798,9.772714689934483,16.326348645519147,2.561143798211472
13,train,12.809631666996388,12.809631666888368,12.200014048660748,22.545758933307123,2.2036212054494113
14,train,7.936301462807547,7.9363014628292445,6.938741389411303,11.66596390570755,1.6040473319570991
15,train,8.087841565038909,8.087841565103393,8.683820923752629,14.55518505804488,2.36693896988298
16,train,4.319858699721584,4.319858699613977,4.289392183633617,4.349828975871613,0.36138455329996716
17,train,11.210494917812762,11.210494917747692,11.242320630264702,20.601474491439475,0.7352363408750583
18,train,10.553590124642305,10.553590124726423,10.535218140640723,18.749747180752962,0.20779532636974704
19,train,6.846674380457376,6.846674380500982,7.050992744261146,11.549764648099599,2.712236518405948
20,train,11.54797438508892,11.54797438500559,11.500468596225295,21.150391237479162,1.2202972026974974
21,train,7.892850262424852,7.892850262487549,8.406848711399874,14.109490676506061,2.247673525340018
22,train,5.847334246335568,5.847334246328511,4.7968063499133295,7.4783060082456965,1.8525915131463784
23,train,8.958935548582259,8.958935548533786,8.836700820351624,15.489320739822144,1.0917421742639821
24,train,2.999520043305121,2.9995200432276885,3.184335886911618,3.0343372792906647,0.5138754030384202
25,train,6.98480603476805,6.984806034702011,7.09424488594557,12.016774283687486,1.507121441618197
26,train,5.996305392287212,5.996305392230526,6.1796646988379536,10.358696386106908,1.5259876475483942
27,train,5.59848129020769,5.598481290175659,5.225293761687832,7.544528031618581,1.2744817469536067
28,train,8.392739902248868,8.392739902321075,9.063012737662762,15.22395199527186,2.29198443837742
29,train,11.346194187729019,11.34619418776861,9.68183617159147,16.271431491918158,2.2866652040460753
30,train,4.616553214822302,4.616553214824379,4.307892415768003,6.058213445650376,0.8572408595621206
31,train,10.415480897728795,10.41548089777455,10.103825779618061,18.175597460377116,0.6333373423251292
32,train,6.3837785989664075,6.383778598955737,4.931692442204054,7.70765450320059,2.2772290489545277
33,train,5.415364498322906,5.41536449830559,4.387658529744985,6.286550939032829,1.2788148535443171
34,train,12.116514925722948,12.11651492571193,11.536945239430683,20.8499178944618,1.6654315181727468
35,train,5.747987168391008,5.747987168365007,4.976285600634852,7.232616164155053,1.1935378011215232
36,train,4.416346170523468,4.416346170421437,4.557939417742829,5.490340034859391,0.5060042602605752
37,train,2.9631315022247358,2.9631315021473448,2.945299385159841,1.2022257705189856,0.09102487825140079
38,train,5.420451783412233,5.4204517833264205,5.778788040484482,9.146771216093859,1.301369856562202
39,train,8.381259843262193,8.381259843306909,7.4310495207836205,12.442882488676785,2.2133343819017592
40,train,7.0930989095026735,7.093098909504689,7.095461763139599,11.845785849969564,2.0719939276933896
41,train,3.7750752550079087,3.7750752548781117,4.082866311839891,3.9664348561828544,0.34925285823527646
42,train,7.8317144844659,7.8317144845142455,7.990148597954034,13.70044312694234,1.677873188162063
43,train,11.975130700371258,11.975130700471373,11.761455460199674,21.204470588772274,0.43031928470819564
44,train,6.276137929481712,6.276137929474833,6.039735129756964,10.138821532398715,1.7538776769211917
45,train,9.128012266873384,9.128012266859322,8.495495218787315,14.653866745079066,1.500919131047198
46,train,4.189639073853509,4.189639073801984,4.4214908943849345,7.195422870587608,1.3194683067552215
47,train,10.327119442183758,10.327119442252098,10.21838871040719,18.267726387132196,0.14534136650345184
48,train,3.400991212839777,3.400991212713569,3.48781779463413,2.403235770397128,0.3672643570390051
49,train,12.616949241590829,12.616949241695744,12.20796952308322,22.195843125226535,0.8874277636425946
50,train,5.236736442451126,5.236736442461698,4.942273084686738,7.857189359373293,1.606027218885688
51,train,7.506334526823321,7.506334526836007,7.455200625112166,12.634458349005959,1.707155541587454
52,train,7.333439702072194,7.33343970200578,7.389246936838132,12.639540313006185,1.581050764974824
53,train,3.511334684913643,3.511334684816667,3.9075387094355842,4.024645366217772,0.4983909259215758
54,train,7.158877664514243,7.158877664511028,5.898129214082299,9.19683447113848,1.9834955518681316
55,train,7.9773244074813245,7.977324407522005,8.22827729043871,13.989962846521047,2.1493159186032393
56,train,10.367258683817884,10.367258683869046,10.08956990855818,18.070516976585395,0.2990737070037258
57,train,12.544035249769538,12.544035249819238,10.679094272037824,18.137982951701066,2.2626555734209775
58,train,2.4914571392060214,2.491457139118411,2.6381911975484145,2.538718592180313,0.36973597336084546
59,train,9.017992928332156,9.01799292841092,9.693513396872138,16.46880855260922,2.0423878384442578
60,train,3.4808744098543785,3.4808744098027447,3.368905110217905,3.7440233889059518,0.49413904310039597
61,train,3.8243372146500083,3.8243372145307912,4.300062062481929,5.4551781205945,0.6731212334712963
62,train,7.703566591850577,7.703566591860792,6.61026090862733,10.850455606344891,2.7658063628490765
63,train,7.8390945057036685,7.839094505745315,8.197478499073998,13.851932949916968,2.22184276018916
64,train,4.775357972493585,4.775357972432708,4.718472478958416,6.867587508394613,1.318817961115423
65,train,5.506356021952621,5.506356021933389,4.313360882792075,6.173849444503687,1.467295341262343
66,train,4.158490871245766,4.1584908711279756,4.760650324415415,6.395100428776525,0.7797520378510292
67,train,10.306475772553265,10.306475772615489,10.143237189736029,18.117044264736293,0.1533043703562457
68,train,11.602131093163578,11.602131093141962,11.379086086083733,20.590047841464227,0.8844047210921365
69,train,5.797104924022492,5.797104923990853,5.072096179541018,7.257410089593668,1.2766387942828228
70,train,4.7618632809991865,4.761863280976225,4.010892591241426,5.178662516223317,0.783132359402527
71,train,9.188895361109024,9.188895361045205,9.209697850670143,16.252677906741184,1.3767614346621788
72,train,13.027900257846829,13.02790025784655,12.400623625890342,23.051061758272308,1.6059449495355342
73,train,7.331634327786166,7.331634327754671,7.011481666880406,12.142980524919516,1.052216106758215
74,train,4.273037300921501,4.273037300958631,4.411699146386097,6.949813974420057,1.3852018039000376
75,train,8.905922443891605,8.905922443928375,8.695738766565562,15.18061574397767,0.9147060273831699
76,train,10.877778050911513,10.877778050996065,10.815882503080761,19.322019719086274,0.20630904434704347
77,train,6.048874331391428,6.048874331334139,6.233527978855935,10.383456337627415,1.4175120811759172
78,train,4.196304442092403,4.196304441986542,4.118855497296297,3.7425417703374055,0.20775560254332331
79,train,7.498550162508147,7.4985501625253805,7.0213217440560145,11.505117632646328,2.67290420812845
80,validation,4.084919808364889,4.084919808332782,3.6122886846000313,4.016531197023444,0.4344856262812625
81,validation,11.503084651184688,11.503084651279277,11.452043053412309,20.491677602297568,0.10282392725646543
82,validation,4.7184250808404755,4.718425080751088,4.931290007239047,6.852859228180091,0.7383879031823637
83,validation,13.129022078397178,13.12902207840354,12.50766799233816,22.928266579089986,1.5632890511513349
84,validation,8.592905741204401,8.59290574124091,8.544988388365827,14.810593093261001,1.4084207307798708
85,validation,5.035040943051561,5.03504094304656,4.99340328780275,8.170167017367163,1.9345965951518949
86,validation,9.540227249609746,9.540227249697493,10.233637536823506,17.513073310166924,1.7211424052245952
87,validation,5.047351832458927,5.047351832405684,5.087424668465986,7.84008116311223,1.288485954498785
88,validation,3.9366977337743774,3.9366977337226543,3.80962156092774,4.127265706916779,0.2750763498103827
89,validation,11.915340591572292,11.91534059147729,11.703868314083655,21.62297137652479,1.643127568794299
90,validation,7.887039235410385,7.887039235433724,7.52290757793247,12.357659916416436,2.94142209355396
91,validation,12.620494153901237,12.62049415390203,12.017706260855388,21.83655519234749,1.520736841232125
92,validation,5.936887179523413,5.936887179481704,5.4048245843209735,7.838915454723228,1.2594713804995061
93,validation,4.515201289562589,4.515201289552931,4.760191820601547,7.270091881456199,1.2361591320655856
94,validation,3.5117601524754383,3.5117601523871316,3.176233099017673,1.2295533957556166,0.3813281439360846
95,validation,6.884433276372137,6.884433276368236,6.710743735662694,10.994174073576044,2.2222364842139433
96,validation,8.207719165313033,8.207719165343622,7.959995521649468,13.217497115467083,2.9363453268319195
97,validation,3.676149845249318,3.676149845142693,3.629422683174433,3.282304910641065,0.11325352598195033
98,validation,3.4718282533719957,3.471828253320398,3.177046566020575,2.5370158764663815,0.23256634645632976
99,validation,4.465599299081135,4.46559929898052,5.060446428513447,6.894469677021325,0.9415054802690401
